{"cameraMode":{"drawMode":0,"name":"Shaded","section":"Shading Mode"},"sceneLighting":true,"audioPlay":false,"sceneViewState":{"showFog":true,"showMaterialUpdate":false,"showSkybox":true,"showFlares":true,"showImageEffects":true,"showParticleSystems":true},"in2DMode":false,"pivot":{"x":-8.482648849487305,"y":6.00546932220459,"z":16.377727508544923},"rotation":{"x":0.0031178388744592668,"y":0.760051429271698,"z":-0.64985591173172,"w":0.0036444615107029678},"size":5.36095666885376,"orthographic":true}